Workbook

Sheet Controle de Vendas
A1: Data | B1: Cliente | C1: Tipo Imóvel | D1: Localização | E1: Valor Venda (R$) | F1: % Comissão | G1: Comissão (R$) | H1: Status | I1: Observações
A2: 05/01/2026 | B2: João Silva | C2: Apartamento 70m² | D2: Vila Mariana - SP | E2: 680000 | F2: 0.06 | G2: =E2*F2 -> 40800 | H2: Fechado | I2: Cliente indicação
A3: 08/01/2026 | B3: Maria Santos | C3: Casa 120m² | D3: Moema - SP | E3: 1150000 | F3: 0.06 | G3: =E3*F3 -> 69000 | H3: Fechado | I3: Venda rápida
A4: 12/01/2026 | B4: Pedro Costa | C4: Apartamento 50m² | D4: Tatuapé - SP | E4: 380000 | F4: 0.05 | G4: =E4*F4 -> 19000 | H4: Negociação | I4: Aguardando financiamento
A5: 15/01/2026 | B5: Ana Lima | C5: Apartamento 85m² (Lançamento) | D5: Pinheiros - SP | E5: 920000 | F5: 0.04 | G5: =E5*F5 -> 36800 | H5: Proposta | I5: Construtora parceira
A6: 18/01/2026 | B6: Carlos Oliveira | C6: Casa 200m² | D6: Brooklin - SP | E6: 1580000 | F6: 0.06 | G6: =E6*F6 -> 94800 | H6: Fechado | I6: Alto padrão
A7: 20/01/2026 | B7: Juliana Ferreira | C7: Apartamento 65m² | D7: Santana - SP | E7: 480000 | F7: 0.06 | G7: =E7*F7 -> 28800 | H7: Perdido | I7: Cliente desistiu
A8: 22/01/2026 | B8: Roberto Alves | C8: Cobertura 150m² | D8: Jardins - SP | E8: 2300000 | F8: 0.05 | G8: =E8*F8 -> 115000 | H8: Negociação | I8: Aguardando vistoria
A9: 25/01/2026 | B9: Fernanda Souza | C9: Apartamento 55m² | D9: Mooca - SP | E9: 420000 | F9: 0.06 | G9: =E9*F9 -> 25200 | H9: Fechado | I9: Primeira compra
A10: 27/01/2026 | B10: Lucas Martins | C10: Casa 180m² (Lançamento) | D10: Vila Madalena - SP | E10: 1680000 | F10: 0.04 | G10: =E10*F10 -> 67200 | H10: Proposta | I10: Lançamento exclusivo
A11: 29/01/2026 | B11: Patrícia Rocha | C11: Apartamento 45m² (Studio) | D11: República - SP | E11: 285000 | F11: 0.06 | G11: =E11*F11 -> 17100 | H11: Qualificação | I11: Investidor
A12: 30/01/2026 | B12: Ricardo Nunes | C12: Casa 250m² | D12: Morumbi - SP | E12: 3200000 | F12: 0.05 | G12: =E12*F12 -> 160000 | H12: Negociação | I12: Imóvel de luxo
D14: TOTAL VENDAS FECHADAS: | E14: =SUMIF(H2:H12,"Fechado",E2:E12) -> 3830000 | G14: =SUMIF(H2:H12,"Negociação",G2:G12) -> 294000
D15: TOTAL EM NEGOCIAÇÃO: | E15: =SUMIF(H2:H12,"Negociação",E2:E12) -> 5880000 | G15: =SUMIF(H2:H12,"Negociação",G2:G12) -> 294000
D16: TOTAL GERAL (Pipeline): | E16: =SUM(E2:E12) -> 13075000 | G16: =SUM(G2:G12) -> 673700

Sheet Dashboard
A1: 📊 DASHBOARD - JANEIRO 2026
A3: RESUMO DO MÊS
A4: Total de Leads: | B4: 11 | D4: (todos os clientes cadastrados)
A5: Vendas Fechadas: | B5: =COUNTIF('Controle de Vendas'!H2:H12, "*Fechado*") -> 4 | D5: (status = Fechado)
A6: Em Negociação: | B6: =COUNTIF('Controle de Vendas'!H2:H12,"Negociação") -> 3 | D6: (oportunidades ativas)
A7: Perdidos: | B7: =COUNTIF('Controle de Vendas'!H2:H12,"Perdido") -> 1 | D7: (não convertidos)
A9: RECEITA
A10: Comissões Recebidas: | B10: ='Controle de Vendas'!G14 -> 294000 | D10: (vendas fechadas)
A11: Comissões em Negociação: | B11: ='Controle de Vendas'!G15 -> 294000 | D11: (potencial a receber)
A12: Total Potencial: | B12: =B10+B11 -> 588000 | D12: (se fechar tudo)
A14: PERFORMANCE
A15: Taxa de Conversão: | B15: =B5/B4 -> 0.36363636 | D15: (% de fechamento)
A16: Ticket Médio: | B16: =B10/B5 -> 73500 | D16: (comissão média por venda)
A17: Ticket Médio Imóveis: | B17: =SUMIF('Controle de Vendas'!H2:H12,"Fechado",'Controle de Vendas'!E2:E12)/COUNTIF('Controle de Vendas'!H2:H12,"Fechado") -> 957500 | D17: (valor médio imóveis vendidos)
A19: META DO MÊS
A20: Meta de Vendas: | B20: 5 | D20: (quantas vendas você quer fechar)
A21: Meta Atingida: | B21: =B5/B20 -> 0.8 | D21: (% da meta alcançada)
A22: Faltam: | B22: =B20-B5 -> 1 | D22: (vendas para bater meta)
A24: 🎯 OPORTUNIDADE PERDIDA
A25: Leads Perdidos: | B25: =COUNTIF('Controle de Vendas'!H2:H12,"Perdido") -> 1
A26: Valor Potencial Perdido: | B26: =SUMIF('Controle de Vendas'!H2:H12,"Perdido",'Controle de Vendas'!G2:G12) -> 28800
A27: 💡 Se tivesse fechado esses leads: | B27: =B10+B26 -> 322800 | D27: (sua receita seria)
A29: ⚠️ ALERTA: Você está PERDENDO dinheiro por desorganização!
A30: Um CRM organiza seus leads e te lembra de fazer follow-up.
A31: → Teste o Sirius CRM gratuitamente: https://www.sirius.roilabs.com.br

Sheet Calculadora ROI
A1: 💰 CALCULADORA: QUANTO VOCÊ ESTÁ PERDENDO POR MÊS?
A3: Responda as perguntas abaixo: | D3: SEUS NÚMEROS ↓
A5: 1. Quantos LEADS você recebe por mês? | D5: 30 | E5: leads/mês
A6: 2. Quantos desses você FECHA (converte)? | D6: 5 | E6: vendas/mês
A7: 3. Qual seu TICKET MÉDIO de comissão? | D7: 25000 | E7: R$ por venda
A9: 📊 RESULTADOS:
A11: Sua taxa de conversão atual: | B11: =D6/D5 -> 0.16666667 | D11: =ROUND(B11*100.1,0)&"%" -> 17%
A12: Comissões que você RECEBE por mês: | B12: =D6*D7 -> 125000 | D12: =TEXT(B12,"R$ #,##0") -> R$ 125.000
A14: 🎯 SE VOCÊ MELHORASSE A ORGANIZAÇÃO:
A16: Taxa de conversão com CRM: | B16: 0.35 | D16: 35% (benchmark do mercado)
A17: Vendas que você PODERIA fechar: | B17: =D5*B16 -> 10.5 | D17: =ROUND(B17,0)&"vendas/mês" -> 11vendas/mês
A18: Comissões que você PODERIA receber: | B18: =B17*D7 -> 262500 | D18: =TEXT(B18,"R$ #,##0") -> R$ 262.500
A20: 💸 QUANTO VOCÊ ESTÁ PERDENDO:
A22: Comissões PERDIDAS por mês: | B22: =B18-B12 -> 137500 | D22: =TEXT(B22,"R$ #,##0") -> R$ 137.500
A23: Comissões PERDIDAS por ano: | B23: =B22*12 -> 1650000 | D23: =TEXT(B23,"R$ #,##0") -> R$ 1.650.000
A25: 🚨 ISSO É DINHEIRO QUE ESTÁ SAINDO DO SEU BOLSO!
A27: A causa? Desorganização:
A28: ✗ Leads espalhados (WhatsApp, papel, memória)
A29: ✗ Esquecimento de follow-ups
A30: ✗ Sem priorização (você liga para quem?)
A31: ✗ Perda de contexto (quem é esse cliente?)
A33: A solução? Sirius CRM:
A34: ✓ Todos os leads em um só lugar
A35: ✓ Lembretes automáticos de follow-up
A36: ✓ IA te diz quais leads priorizar
A37: ✓ Histórico completo de cada cliente
A39: 💎 INVESTIMENTO: | D39: R$ 49/mês (ou GRÁTIS para começar)
A40: 💰 RETORNO: | D40: =TEXT(B23,"R$ #,##0")&" extras/mês" -> R$ 1.650.000 extras/mês
A41: 📈 ROI: | D41: =ROUND((B23/97)*100,0)&"%" -> 1701031%
A43: 👉 Teste grátis (sem cartão): https://www.sirius.roilabs.com.br

Sheet 📖 Instruções
A1: 📖 COMO USAR ESTA PLANILHA
A3: BEM-VINDO, CORRETOR(A)!
A5: Esta planilha foi criada para te ajudar a:
A6: ✓ Organizar todas as suas vendas em um só lugar
A7: ✓ Calcular comissões automaticamente
A8: ✓ Acompanhar seu desempenho mensal
A9: ✓ Descobrir quanto dinheiro você está perdendo por desorganização
A11: 🗂️ ESTRUTURA DA PLANILHA:
A13: 1️⃣ CONTROLE DE VENDAS
A14: → Registre cada cliente e venda aqui
A15: → As comissões são calculadas automaticamente
A16: → Atualize o Status conforme o cliente avança
... A116: Boa sorte nas vendas! 🏡💰
